ID,Code,Book Name,Qty1,Amount1,Qty2,Amount2,Qty3,Amount3,Total Qty,Total Amount,Barcode
44,189302671,생활코딩 HTML+CSS+자바스크립트,7,125550,0,0,1,18900,6,106650,9791158391331
45,189302670,생활코딩 PHP+MySQL,6,106650,0,0,0,0,6,106650,9791158391348
46,189302784,생활코딩!노드제이에스프로그래밍,9,187200,0,0,0,0,9,187200,9791158392383
47,189302783,생활코딩!리액트프로그래밍,3,48750,0,0,1,17500,2,31250,9791158392376
48,189302576,생활코딩!자바프로그래밍,4,70200,0,0,0,0,4,70200,9791158390518
