ID,Code,Book Name,Qty1,Amount1,Qty2,Amount2,Qty3,Amount3,Total Qty,Total Amount,Barcode
33,189302671,생활코딩 HTML+CSS+자바스크립트,6,108000,0,0,0,0,6,108000,9791158391331
34,189302670,생활코딩 PHP+MySQL,2,35100,0,0,0,0,2,35100,9791158391348
35,189302784,생활코딩!노드제이에스프로그래밍,15,316800,0,0,0,0,15,316800,9791158392383
36,189302783,생활코딩!리액트프로그래밍,4,67500,0,0,0,0,4,67500,9791158392376
37,189302576,생활코딩!자바프로그래밍,2,35100,0,0,0,0,2,35100,9791158390518
