ID,Code,Book Name,Qty1,Amount1,Qty2,Amount2,Qty3,Amount3,Total Qty,Total Amount,Barcode
36,189302671,생활코딩 HTML+CSS+자바스크립트,23,405000,0,0,0,0,23,405000,9791158391331
37,189302670,생활코딩 PHP+MySQL,1,17550,0,0,0,0,1,17550,9791158391348
38,189302784,생활코딩!노드제이에스프로그래밍,2,44800,0,0,0,0,2,44800,9791158392383
39,189302783,생활코딩!리액트프로그래밍,62,1010000,0,0,0,0,62,1010000,9791158392376
40,189302576,생활코딩!자바프로그래밍,1,18900,0,0,0,0,1,18900,9791158390518
