ID,Code,Book Name,Qty1,Amount1,Qty2,Amount2,Qty3,Amount3,Total Qty,Total Amount,Barcode
40,189302671,생활코딩 HTML+CSS+자바스크립트,10,176850,0,0,0,0,10,176850,9791158391331
41,189302670,생활코딩 PHP+MySQL,3,54000,0,0,0,0,3,54000,9791158391348
42,189302784,생활코딩!노드제이에스프로그래밍,4,84800,0,0,0,0,4,84800,9791158392383
43,189302783,생활코딩!리액트프로그래밍,2,33750,0,0,0,0,2,33750,9791158392376
44,189302466,생활코딩!쉽게따라하는웹서비스만들기,1,7475,0,0,0,0,1,7475,9788998139322
45,189302576,생활코딩!자바프로그래밍,1,18900,0,0,1,18900,0,0,9791158390518
