ID,Code,Book Name,Qty1,Amount1,Qty2,Amount2,Qty3,Amount3,Total Qty,Total Amount,Barcode
33,189302671,생활코딩 HTML+CSS+자바스크립트,3,55350,0,0,0,0,3,55350,9791158391331
34,189302670,생활코딩 PHP+MySQL,1,17550,0,0,0,0,1,17550,9791158391348
35,189302784,생활코딩!노드제이에스프로그래밍,1,22400,0,0,0,0,1,22400,9791158392383
36,189302783,생활코딩!리액트프로그래밍,13,212500,0,0,0,0,13,212500,9791158392376
37,189302576,생활코딩!자바프로그래밍,74,1298700,0,0,0,0,74,1298700,9791158390518
