ID,Code,Book Name,Qty1,Amount1,Qty2,Amount2,Qty3,Amount3,Total Qty,Total Amount,Barcode
40,189302671,생활코딩 HTML+CSS+자바스크립트,25,472500,0,0,0,0,25,472500,9791158391331
41,189302670,생활코딩 PHP+MySQL,6,106650,0,0,0,0,6,106650,9791158391348
42,189302784,생활코딩!노드제이에스프로그래밍,3,64000,0,0,0,0,3,64000,9791158392383
43,189302783,생활코딩!리액트프로그래밍,3,50000,0,0,0,0,3,50000,9791158392376
44,189302576,생활코딩!자바프로그래밍,1,18900,0,0,0,0,1,18900,9791158390518
