ID,Code,Book Name,Qty1,Amount1,Qty2,Amount2,Qty3,Amount3,Total Qty,Total Amount,Barcode
48,189302671,생활코딩 HTML+CSS+자바스크립트,40,702000,0,0,0,0,40,702000,9791158391331
49,189302784,생활코딩!노드제이에스프로그래밍,32,667200,0,0,0,0,32,667200,9791158392383
50,189302783,생활코딩!리액트프로그래밍,34,553750,0,0,0,0,34,553750,9791158392376
51,189302466,생활코딩!쉽게따라하는웹서비스만들기,1,8050,0,0,0,0,1,8050,9788998139322
52,189302576,생활코딩!자바프로그래밍,3,56700,0,0,0,0,3,56700,9791158390518
