ID,Code,Book Name,Qty1,Amount1,Qty2,Amount2,Qty3,Amount3,Total Qty,Total Amount,Barcode
35,189302671,생활코딩 HTML+CSS+자바스크립트,5,91800,0,0,0,0,5,91800,9791158391331
36,189302670,생활코딩 PHP+MySQL,1,18900,0,0,0,0,1,18900,9791158391348
37,189302784,생활코딩!노드제이에스프로그래밍,4,86400,0,0,0,0,4,86400,9791158392383
38,189302783,생활코딩!리액트프로그래밍,1,17500,0,0,0,0,1,17500,9791158392376
39,189302576,생활코딩!자바프로그래밍,0,0,0,1,0,0,0,0,9791158390518
