ID,Code,Book Name,Qty1,Amount1,Qty2,Amount2,Qty3,Amount3,Total Qty,Total Amount,Barcode
42,189302671,생활코딩 HTML+CSS+자바스크립트,4,71550,0,0,0,0,4,71550,9791158391331
43,189302784,생활코딩!노드제이에스프로그래밍,2,43200,0,0,0,0,2,43200,9791158392383
44,189302783,생활코딩!리액트프로그래밍,1,17500,0,0,0,0,1,17500,9791158392376
45,189302466,생활코딩!쉽게따라하는웹서비스만들기,1,8050,0,0,0,0,1,8050,9788998139322
46,189302576,생활코딩!자바프로그래밍,1,18900,0,0,0,0,1,18900,9791158390518
