ID,Code,Book Name,Qty1,Amount1,Qty2,Amount2,Qty3,Amount3,Total Qty,Total Amount,Barcode
39,189302671,생활코딩 HTML+CSS+자바스크립트,23,403650,0,0,0,0,23,403650,9791158391331
40,189302670,생활코딩 PHP+MySQL,1,17550,0,0,0,0,1,17550,9791158391348
41,189302784,생활코딩!노드제이에스프로그래밍,1,20800,0,0,0,0,1,20800,9791158392383
42,189302783,생활코딩!리액트프로그래밍,2,32500,0,0,2,33750,0,-1250,9791158392376
43,189302576,생활코딩!자바프로그래밍,1,17550,0,0,0,0,1,17550,9791158390518
